baseMean	log2FoldChange	lfcSE	stat	pvalue	padj	gene
208169.08059414514	3.002886954441797	0.12074567214879732	24.869520381163465	1.5904324783020239e-136	6.822955331915683e-134	ENSG00000100023
35093.65353081594	2.874397961023498	0.11891104042291432	24.17267522679583	4.3130479107573544e-129	9.251487768574525e-127	ENSG00000100109
14946.245616820841	2.8775182739108174	0.12263372786834736	23.464330114794834	9.4395340007713e-122	1.349853362110296e-119	ENSG00000099995
38460.40584773273	2.7544860263958464	0.1350617440684125	20.394272600245877	1.879894504603332e-92	2.0161868561870733e-90	ENSG00000100296
39613.110209531136	2.9633501068101396	0.16980480675456014	17.451508961659933	3.3525772625837434e-68	2.8765112912968515e-66	ENSG00000099899
37563.88281196829	3.5882648160553314	0.21297745296014925	16.848097139779114	1.0834504249641585e-63	7.7466705384937335e-62	ENSG00000099889
17345.86813020474	3.307093898181583	0.19906359233566906	16.613253379879872	5.587873305887133e-62	3.424568068893686e-60	ENSG00000100056
4363.7055932909125	3.0879818020549967	0.21116020923137066	14.623881143589225	1.977957630881645e-48	1.060679779560282e-46	ENSG00000185608
7601.7604319836055	2.805924966582337	0.2215080001781765	12.667375283625459	8.966462538677021e-37	4.2740138101027133e-35	ENSG00000100028
16817.32494436451	1.681303525310615	0.18091314519883828	9.293429305331713	1.4939562618845668e-20	6.409072363484791e-19	ENSG00000100029
7283.942956257173	3.5828081656511332	0.5360624929669486	6.68356434680095	2.3319939185389677e-11	9.094776282301974e-10	ENSG00000100319
1466.8250856381128	1.22311021053896	0.22162996293308243	5.518704214683545	3.415084499344813e-8	1.2208927085157705e-6	ENSG00000128342
5514.463901161856	-0.8577865029375771	0.1658491262114043	-5.172089371421681	2.3149081004031415e-7	7.382245540555908e-6	ENSG00000100129
2691.681815325992	-1.0691148926587468	0.20700698454762417	-5.16463198087302	2.409124418829434e-7	7.382245540555908e-6	ENSG00000100138
4495.067894038336	-0.935013647170407	0.19021928822487047	-4.915451297794087	8.857816962975598e-7	2.5333356514110212e-05	ENSG00000100316
3128.9750820006993	-1.0286667365331357	0.21311940473959248	-4.8267155109129956	1.3880317789429446e-6	3.631980383315269e-5	ENSG00000100353
3590.0948801117347	-0.8086955149128798	0.1677968569140675	-4.819491436165761	1.4392463057426474e-6	3.631980383315269e-5	ENSG00000100142
1588.5241435275757	-1.0757714331474553	0.22829962455131034	-4.712103382831782	2.4517293577442767e-6	5.843288302623859e-5	ENSG00000159958
8977.674156868039	-0.7050107066409382	0.1520519277024471	-4.636644318121275	3.541109814304248e-6	7.995453212297486e-5	ENSG00000100416
1150.1261494548075	1.2539617473383189	0.2929120343360757	4.28101819094115	1.8604014798571406e-5	3.990561174293566e-4	ENSG00000291240
1799.800100819884	1.1142272141455072	0.2845585911816264	3.915633717185241	9.016705287552799e-5	0.0018419840801715002	ENSG00000284431
602.9343615308966	-1.1334698670476577	0.3446096995177868	-3.2891409285163036	0.0010049369174341806	0.01959626988996652	ENSG00000225528
2795.9351503103608	-0.9834033958818295	0.3052671624342141	-3.221451623031205	0.0012754299245828194	0.023789540767218672	ENSG00000130487
723.2807511980418	-1.0243899201267797	0.33143720723901765	-3.0907511219403787	0.0019965090005173206	0.03568759838424711	ENSG00000168135
1395.4794747117676	0.8192203229795686	0.26663804441233147	3.072405983118894	0.002123407112561969	0.03643766605156339	ENSG00000289517
1056.0425117660784	-0.8833641668544351	0.2911939730467973	-3.0335935789181705	0.0024165974929399644	0.03987385863350941	ENSG00000073169
1953.3856097265252	-0.772168494867791	0.25934870829285755	-2.977336960536759	0.0029076424757970994	0.04619920822655391	ENSG00000138944
8490.519485976141	-0.5499767227017143	0.19311340935631033	-2.8479468335984963	0.004400227488980816	0.06741777117045608	ENSG00000186716
5026.74575062109	-0.5740223924796395	0.20271366312235609	-2.8316906894093514	0.004630261541789926	0.06849593798027166	ENSG00000188677
4317.798302448133	-0.46173394438797555	0.16601118310539306	-2.7813424117027186	0.005413460592752709	0.07741248647636374	ENSG00000100413
2088.292040568863	-0.7195275173405186	0.2658869950616976	-2.7061403178954135	0.006807027702499659	0.09420048014104367	ENSG00000275793
1540.5762182639428	-0.5914770714149098	0.22078478288964581	-2.678975714148497	0.007384774976581807	0.09900213952979985	ENSG00000187051
3177.8643397282594	-0.5775357938308576	0.22490477378497267	-2.5679125618873213	0.010231295995439291	0.1330068479407108	ENSG00000183307
764.9734118905883	0.9408885608141554	0.37120099531046435	2.5347145419888135	0.011253899080751136	0.1419977266365364	ENSG00000284554
1701.5524919666063	0.5737555453997906	0.22783529989850534	2.5182908252381595	0.01179259052943887	0.14454346677512217	ENSG00000100399
6063.9051604652905	-0.5020086511155142	0.20099105485191956	-2.4976666324049583	0.01250136956498919	0.14897465398278784	ENSG00000100034
2059.256272884467	-0.73004638685747	0.30038887209981213	-2.430337654501705	0.015084762302431155	0.17490170345251257	ENSG00000075234
1255.9108477792124	-0.5792786901050186	0.24629231870622878	-2.351996575240203	0.01867294686045238	0.21080774218773868	ENSG00000128266
254.91566503801806	-1.1353376365729078	0.48546781674507394	-2.33864655372014	0.019353733343804375	NA	ENSG00000277971
3263.3009865664544	0.5262351610131762	0.22691225959037872	2.319112955655786	0.020388912468417748	0.22344266490394316	ENSG00000221890
5638.283288976433	0.4420119849796512	0.19126581964458705	2.3109826199004315	0.02083381490945857	0.22344266490394316	ENSG00000187860
3927.6715187568357	0.38573664558129617	0.167926103773001	2.297061843956833	0.02161524202923468	0.2261692397693092	ENSG00000069998
3501.6110481672754	0.3926785046220649	0.17209140929993308	2.2818018994642375	0.02250103860027231	0.22983203713135286	ENSG00000248751
4214.543223791041	0.5376212766987015	0.23788414107075959	2.260013106711405	0.02382043739598199	0.23765041029944822	ENSG00000196236
3875.0544990945305	-0.45981435356922273	0.2044905340216514	-2.2485850299580994	0.0245389097261528	0.2392543698299898	ENSG00000100403
736.7590316498097	0.7385657122314263	0.33186832340406897	2.2254781795856413	0.026049154369027903	0.24833527165139935	ENSG00000283900
4809.100122021811	-0.3735547018206104	0.16956758636876074	-2.202984130517942	0.027595867176525825	0.2573614569289039	ENSG00000099958
4628.410414832467	-0.40287654981161447	0.18439597798777088	-2.1848445622731165	0.028900245425564623	0.2637916018631324	ENSG00000099957
8078.175349257983	0.4018357123067568	0.18473146528865678	2.175242380494619	0.029611957838499275	0.26465687318158726	ENSG00000215012
5367.66823929413	-0.3332637151782327	0.15729823877526966	-2.118674168083745	0.03411801288677673	0.2986489022654451	ENSG00000100226
1940.554225580435	-0.5255111108697035	0.2489877714353898	-2.1105900415919385	0.03480756436660199	0.2986489022654451	ENSG00000099940
4643.739053192386	-0.46811156580003865	0.22503285890454497	-2.080192057634585	0.03750792044846574	0.3155078014194471	ENSG00000183579
30803.910550534827	-0.25208034307955357	0.1227211837172726	-2.054089892583672	0.039966992138592956	0.31942716981813063	ENSG00000093072
648.9710003331354	-0.7971900357088898	0.3892362409187212	-2.0480879011349713	0.040551387200991475	0.31942716981813063	ENSG00000198445
1659.1379136372097	-0.7356273360473851	0.35953760131169993	-2.0460372805614715	0.04075270290167295	0.31942716981813063	ENSG00000189306
2799.5409761199467	-0.5275383981699523	0.2580894725898053	-2.044013623943491	0.040952201258734694	0.31942716981813063	ENSG00000128165
4525.074654969666	-0.32365010157803326	0.16055645170341545	-2.0158025301648363	0.04382062889240372	0.33008697134105636	ENSG00000130638
4261.848637652146	-0.415541087663033	0.2067465476008967	-2.0099058121405395	0.04444115850009904	0.33008697134105636	ENSG00000159307
3619.977391644802	0.40890733670883816	0.20400158635164817	2.0044321420323823	0.045023789119496914	0.33008697134105636	ENSG00000100024
2144.991811691365	0.4027773312781857	0.20129192949918623	2.0009611526914894	0.04539657647814062	0.33008697134105636	ENSG00000100116
1876.0263139563149	-0.5093018974509765	0.25602711675273276	-1.9892498259973488	0.046673634727235555	0.3330111710866802	ENSG00000100380
4845.767285020603	0.3544684453090626	0.17874056150228448	1.9831449690535525	0.04735123877922493	0.3330111710866802	ENSG00000138942
1551.5926736378192	-0.4823638884124083	0.2453879662191516	-1.9657194109576577	0.04933103132656488	0.34133891030800534	ENSG00000274600
8925.432212473192	0.29575322822755357	0.15194434783858857	1.9464575842053307	0.05159979825685246	0.35137005479666195	ENSG00000241878
1032.3994551143521	0.689422160531871	0.35927121483951324	1.918946278064154	0.05499113302147342	0.36577296319685104	ENSG00000128203
430.55458728971655	-0.8368143642785386	0.43620719685061776	-1.9183873405122007	0.05506191505981564	NA	ENSG00000206203
3258.7483425401315	-0.3745551435565707	0.19553218935772831	-1.915567686256087	0.05542014593891683	0.36577296319685104	ENSG00000100030
1102.0845769438295	0.45855356169920247	0.24498917700764883	1.871729875172755	0.06124398417916034	0.3925270846638669	ENSG00000128185
5536.738700961112	-0.2941989626494077	0.15721650727581848	-1.8712981718469872	0.06130376380531254	0.3925270846638669	ENSG00000100105
2350.2302610875654	0.5225148631263258	0.28265239387897007	1.8486129056103564	0.06451372782413968	0.40700572406699886	ENSG00000166862
4213.530464965709	-0.3190799309020493	0.17524328981623025	-1.8207825888035658	0.06863991198985311	0.42676119193691286	ENSG00000275004
300.91195377879444	0.9003997474946421	0.4978067481045026	1.808733511393913	0.0704924141112642	NA	ENSG00000203618
6244.046527237434	-0.2989516253484506	0.16588211414768733	-1.8021932435843535	0.07151500734321439	0.4382848307176997	ENSG00000100342
1055.0872113950657	0.5090830606190377	0.28413546158021913	1.7916913918022508	0.07318241421060703	0.44218669994859744	ENSG00000205704
5152.253830797913	-0.34579264791071757	0.19729492745610933	-1.7526687197147701	0.07965888796405965	0.47463420745252205	ENSG00000183785
929.8600818713624	0.7842072813792963	0.4513522867079841	1.7374616335701933	0.08230572043715666	0.48218856534446003	ENSG00000288683
4644.422833940594	-0.2915621384003032	0.1684653401026572	-1.7306950986038723	0.08350615991402047	0.48218856534446003	ENSG00000100288
1577.3889490762094	-0.3811393814910793	0.2207877086356278	-1.7262708320420337	0.08429870023504546	0.48218856534446003	ENSG00000100300
1794.9376726322746	-0.3635662367716244	0.21220293368950516	-1.7132950541748575	0.08665827182710704	0.4891631396556437	ENSG00000128285
6637.682377581234	0.300865357925647	0.17737820836793725	1.696179934919397	0.08985180917494165	0.5006029368318178	ENSG00000184708
4622.232506404772	0.3000396268196825	0.17810355644863415	1.684635797299282	0.09205886037799345	0.506323732078964	ENSG00000183762
15572.686539094027	0.32559557541524947	0.19606287201265193	1.660669213262564	0.0967798998306553	0.5255516079411534	ENSG00000215193
1394.6669394640392	0.42135935725330603	0.25664370240164863	1.6418067278108255	0.10063006434333144	0.5336175193620281	ENSG00000100294
1107.0624698911276	0.45236908749743043	0.2756307411498256	1.6412142042296165	0.10075295820122207	0.5336175193620281	ENSG00000128276
933.2367264032897	0.579051071180794	0.3582764438487098	1.6162130698866464	0.1060482539413034	0.5490620857229979	ENSG00000138892
6710.644516361113	-0.22618345597963183	0.14013556119867257	-1.6140332549777832	0.10652021326294556	0.5490620857229979	ENSG00000100201
5024.696880899247	0.32794695179878813	0.20405206949650995	1.6071728780207115	0.10801644989663274	0.5490620857229979	ENSG00000100147
4758.9093785237665	0.28316670181672277	0.17657502692743743	1.6036622321065177	0.10878852514325134	0.5490620857229979	ENSG00000133466
997.3567473152265	0.6234369359881434	0.3908931779135901	1.5949035982560917	0.11073379487034306	0.5523813720857811	ENSG00000063515
15029.515767911456	-0.2631799929189759	0.16694175845768927	-1.5764779007385252	0.11491570783045603	0.5666533179225935	ENSG00000099954
9853.970010759454	0.22990343819262832	0.14783332590974513	1.5551529858226179	0.1199096382399568	0.5845594864197894	ENSG00000185252
2638.12953857725	-0.30568619362675264	0.19797850244013293	-1.5440373063696127	0.1225792951813421	0.5849605416830798	ENSG00000242259
3905.158923777877	-0.2742033549651206	0.17808455629859848	-1.5397368568297272	0.12362450890416393	0.5849605416830798	ENSG00000166897
509.8754224710188	0.5427300476155446	0.35374713315129647	1.534231649542219	0.12497267401975139	0.5849605416830798	ENSG00000128313
2555.615172620021	0.3450504727647407	0.22518327915768163	1.5323094772197703	0.12544608353110337	0.5849605416830798	ENSG00000205643
6068.863693379021	-0.24296359855032731	0.16088126363218258	-1.5102044393796334	0.13099126627074026	0.6032087561682025	ENSG00000100225
1342.107674256949	0.40957444076621413	0.27215276924133636	1.504943131418283	0.13233869807554802	0.6032087561682025	ENSG00000100246
12498.968591890742	0.2343028905407701	0.15618717071062138	1.5001417176246763	0.13357769658736418	0.6032087561682025	ENSG00000100330
2718.8717643554137	-0.3394744828634704	0.2302877407441208	-1.4741318047002339	0.1404461067085927	0.6276185393540237	ENSG00000130540
8681.165802917189	-0.2579959972968679	0.1781335984904023	-1.4483286672658136	0.14752515394236373	0.6524566086729283	ENSG00000100425
4982.201535952592	0.22751502762191284	0.16185371911782698	1.405683038128308	0.15981826589327125	0.6848689576986532	ENSG00000100299
6515.760011916887	0.25540337700146365	0.18171093221449217	1.4055476678749559	0.159858485114829	0.6848689576986532	ENSG00000169635
1152.6524144711243	-0.3550344640035636	0.25288159371488483	-1.4039553404739	0.1603321487101109	0.6848689576986532	ENSG00000249590
733.8505482285323	0.4602644722426367	0.329361255924458	1.3974457042640214	0.16227958335953946	0.6848689576986532	ENSG00000133433
11201.269480249615	0.19485590818405132	0.13968852024786652	1.3949314363005243	0.16303651625753107	0.6848689576986532	ENSG00000100033
1525.2327859073278	0.353471972613509	0.2545640867966189	1.3885382540071782	0.1649732045705635	0.6848689576986532	ENSG00000205856
6345.521247177553	0.2612823190855058	0.1886409681391176	1.3850772802057354	0.16602883822997652	0.6848689576986532	ENSG00000185340
5358.960091521715	0.2576102227270622	0.18725524031518626	1.3757170282308526	0.16890925792729444	0.6901149681029458	ENSG00000099904
6073.507013263088	0.21816928502256994	0.16071351250037597	1.357504304574636	0.17462102664420653	0.7067209474562699	ENSG00000100227
4537.8074436832285	-0.20132063620623392	0.1522276256247633	-1.3224973810107468	0.18600258089305527	0.7444645525531732	ENSG00000184164
69448.75778806684	-0.1414635199764117	0.10731103737687427	-1.3182569420104904	0.18741764959380586	0.7444645525531732	ENSG00000100150
3132.43153826359	0.26403344524485967	0.20190526894869656	1.3077095343754979	0.1909718482297682	0.7516231457850511	ENSG00000188064
4033.5286002710254	-0.23427344894031987	0.18012065289846593	-1.3006473448238047	0.193379193375271	0.7541788541635569	ENSG00000205702
2255.188586177628	0.3164198638966475	0.24440648265201764	1.2946459539993522	0.19544239199529853	0.7553584339277755	ENSG00000187792
7004.381868606243	-0.18605221999404634	0.146794355503913	-1.2674344279476526	0.20499999605795258	0.7787317317063013	ENSG00000077942
4069.9340342765777	0.2332169338123774	0.18405604903206038	1.2670973599555742	0.20512047944711434	0.7787317317063013	ENSG00000100417
2251.953609967582	-0.2604800675054419	0.20721213796782187	-1.2570695426437424	0.20872845481329463	0.7797296079579383	ENSG00000128340
7491.0478228957545	0.18825883671970925	0.14985550381089036	1.256269085433671	0.20901842637567114	0.7797296079579383	ENSG00000167077
2412.540226019358	0.2850110963096333	0.22908352866487716	1.2441361365904735	0.21344946324540892	0.7893949976920726	ENSG00000286070
4570.856460387327	0.19052432814344789	0.15474825598922065	1.2311888552509394	0.21825223867749366	0.8002582084841434	ENSG00000167065
826.3343844275456	-0.39508589662558846	0.3232312406362302	-1.2223010865160298	0.22159378853794684	0.80447885435821	ENSG00000176177
2552.5499680004336	-0.38385036863055955	0.31510031407184985	-1.218184658943352	0.2231538080853776	0.80447885435821	ENSG00000099994
1541.707368178507	0.29469945492922794	0.24352239137392664	1.210153420663151	0.22622002772785252	0.8087365991270727	ENSG00000169314
977.8969818595428	-0.3715655568877256	0.30979500480960476	-1.1993916981201296	0.23037567416027835	0.81041495954812	ENSG00000100216
2950.9809711966755	-0.23601477601113346	0.19725214225568866	-1.1965131192603151	0.2314963820518967	0.81041495954812	ENSG00000161179
4324.417828618334	-0.24639037337281544	0.20690677831220738	-1.190827943785535	0.2337211364876958	0.81041495954812	ENSG00000100055
3666.3833890871942	-0.2107960443952882	0.17721507044627235	-1.1894927664134347	0.23424581581344264	0.81041495954812	ENSG00000100351
66621.12864575034	0.14188185669206868	0.12000109211649153	1.1823380453432566	0.23707159534682637	0.8136297152303081	ENSG00000100099
11996.33136045871	0.1502415506605913	0.12915966984258076	1.1632234028137811	0.24473887374280434	0.8332775939338338	ENSG00000185339
1802.727873677899	0.23551648123706834	0.20447534172256457	1.1518087181222119	0.24939968458984316	0.8424603518822261	ENSG00000184117
4099.904733026553	0.20371481403576425	0.17871297002035857	1.1398994376992198	0.25432819934838274	0.852396855628564	ENSG00000100321
1285.9223598223093	-0.3030721947782049	0.26973773762090164	-1.1235809918601476	0.2611908236574571	0.8551019598525701	ENSG00000100234
2126.266802644234	-0.27776842873986196	0.2473434674553292	-1.1230069328191479	0.26143455004606836	0.8551019598525701	ENSG00000100075
2779.01049622504	0.23205934194161923	0.2073404511796309	1.119218852960694	0.26304678437475193	0.8551019598525701	ENSG00000128346
2199.412763461048	-0.2856385366379968	0.2552452937196745	-1.1190746457080691	0.26310829533925234	0.8551019598525701	ENSG00000284874
204.79204795195125	0.6644159244732429	0.6038222260278601	1.1003502286492302	0.2711795551386702	NA	ENSG00000286102
3107.609378840515	-0.2826213028232029	0.25801060820058297	-1.0953863672283082	0.2733474040882998	0.8764992831525332	ENSG00000215568
27169.254542810202	0.1463937307384269	0.13381354983090676	1.0940127582252848	0.273949382726837	0.8764992831525332	ENSG00000253352
4342.957240485569	-0.18417130739702942	0.16919332282680238	-1.088525860949959	0.27636302632006615	0.8764992831525332	ENSG00000187905
2751.160167147492	0.23061159630831315	0.21365187642138092	1.0793801588406504	0.28041829217376135	0.8764992831525332	ENSG00000198125
14012.539119278039	-0.16170743655715988	0.15059539156880297	-1.0737874172150887	0.2829179707323197	0.8764992831525332	ENSG00000099956
477.90804636903215	0.40094550880754454	0.37357489151354517	1.0732667476208233	0.28315145019412663	0.8764992831525332	ENSG00000196431
8289.724750575468	0.17885715334706392	0.16693929500669577	1.0713903718108437	0.2839939402289094	0.8764992831525332	ENSG00000188130
1921.12473698941	0.2594809697641495	0.24476157304657747	1.0601376945504881	0.2890819612417557	0.8791400917955121	ENSG00000128394
2223.681169021584	0.3101011851781985	0.2933996134107539	1.0569243141573699	0.2905461307902013	0.8791400917955121	ENSG00000258555
986.500820090625	-0.3764895628575093	0.3607901369370015	-1.0435140108146834	0.2967102952133986	0.8791400917955121	ENSG00000100078
1504.1041398621312	0.26881883694527386	0.26066097785109366	1.0312968176573039	0.30240165022771065	0.8791400917955121	ENSG00000244509
798.878635835256	-0.44843657591666375	0.4359002240445324	-1.0287596821029636	0.3035926168631512	0.8791400917955121	ENSG00000172404
915.8668274040464	0.28363617512697786	0.2760731826809064	1.0273948826634602	0.30423456015449957	0.8791400917955121	ENSG00000100314
1422.0128751331308	0.2662977025145733	0.25944657398108195	1.0264067026531285	0.30469991997246676	0.8791400917955121	ENSG00000099960
2390.926887634842	0.25314205066879136	0.2490120877634792	1.0165853912651621	0.30935070668615083	0.8791400917955121	ENSG00000128245
1940.176412323971	0.2503355172735192	0.24667207802110047	1.0148514549429684	0.3101766417270114	0.8791400917955121	ENSG00000100027
483.4923680564861	-0.3892178081332144	0.3840883389309857	-1.0133549204240495	0.31089066346399585	0.8791400917955121	ENSG00000100122
3006.5743229733216	0.2505389169544463	0.24826760685582594	1.0091486365353308	0.3129033555162128	0.8791400917955121	ENSG00000077935
1021.2008909479745	-0.30214766164632023	0.301031628032533	-1.0037073633128895	0.31551968685851367	0.8791400917955121	ENSG00000099985
1980.7908219586252	-0.28084143693887265	0.27993374874942517	-1.0032425107494272	0.3157438665580426	0.8791400917955121	ENSG00000175329
4796.58596648021	0.19304669322770995	0.19281094606053895	1.0012226855994835	0.3167191613586643	0.8791400917955121	ENSG00000185022
4335.355565436432	0.27434023331648605	0.2747628511159387	0.9984618815908476	0.31805543957073995	0.8791400917955121	ENSG00000221963
5403.909102374664	-0.15623057597499568	0.15654493135785025	-0.9979919159302835	0.31828327869989165	0.8791400917955121	ENSG00000128272
3455.787548656037	-0.1746245566410345	0.17585035100706492	-0.9930293322759352	0.3206956602146744	0.8791400917955121	ENSG00000128274
1985.8580622756622	-0.2212583686069903	0.22329131237381641	-0.9908955536818077	0.3217365837107119	0.8791400917955121	ENSG00000075218
6490.528265396652	-0.15258381194055173	0.15498016630125358	-0.9845376707362427	0.32485121881830353	0.8820327397028621	ENSG00000099992
1409.9423839132212	0.24472672695830286	0.2501620586015374	0.9782727577730241	0.3279394397829942	0.8848177337541165	ENSG00000100196
4100.206216564294	-0.1681467558978852	0.17288864533126633	-0.9725725803201514	0.3307657758487287	0.8868657364944037	ENSG00000128298
411.8353561618563	-0.38930715010379635	0.4016424529337821	-0.9692878510728062	0.33240158914136414	NA	ENSG00000169575
5325.110903593703	-0.14193646157562967	0.1475327801814668	-0.9620672870195113	0.33601580525967584	0.8953464624621176	ENSG00000128309
2071.383501209038	0.21155285823979522	0.22610748180786885	0.9356296242313592	0.3494639164221457	0.9177342370022038	ENSG00000278558
2536.4400925679083	0.210564351534889	0.2264292560940387	0.9299343873100886	0.3524050572250592	0.9177342370022038	ENSG00000100324
8719.07541335269	-0.12400474494718859	0.1333655442488738	-0.9298109616362603	0.35246896980399395	0.9177342370022038	ENSG00000100014
7067.351098999188	-0.1558200788123426	0.168427397679971	-0.9251468642198963	0.35488951859933154	0.9177342370022038	ENSG00000100372
9131.414736488829	0.127133029363026	0.13774140608348048	0.9229833858816201	0.356015863410522	0.9177342370022038	ENSG00000198911
1806.654317486645	0.29208014279597194	0.31726746526988925	0.9206117070576674	0.3572531878306947	0.9177342370022038	ENSG00000100101
275.62856856775807	-0.45313111115619126	0.49251905364959886	-0.920027576189103	0.3575583488506358	NA	ENSG00000274252
1874.9869375250032	-0.19665948738361633	0.21604538136108783	-0.9102693431567932	0.3626804820523396	0.9247328059069264	ENSG00000100418
6726.316401673617	-0.1534976421095691	0.17010658242124768	-0.9023615660530488	0.3668648306876646	0.9247328059069264	ENSG00000100359
1155.7686480179002	0.24507150929150667	0.2737994635132395	0.8950766599279925	0.3707461097463048	0.9247328059069264	ENSG00000100285
5136.217548219019	0.16994657203374183	0.19022918228119798	0.8933780295734318	0.3716547641998069	0.9247328059069264	ENSG00000196419
4814.252824270409	0.14580138496543776	0.16354694676707643	0.8914956093499447	0.37266334599484946	0.9247328059069264	ENSG00000100124
6133.236272871835	0.15663086329003834	0.17578549510386876	0.8910340594227512	0.3729108984193433	0.9247328059069264	ENSG00000138867
312.1748525303945	-0.4358616278762664	0.4964192999979856	-0.8780110440469077	0.3799377253512428	NA	ENSG00000130538
1050.8760715510987	-0.23690359065837097	0.2703024532507284	-0.876438921694221	0.3807914669673799	0.9362172236677748	ENSG00000100097
7371.130407251523	0.17360787701971162	0.1985477900662637	0.8743883624278639	0.3819067928714699	0.9362172236677748	ENSG00000188263
9741.130081921421	-0.12408623201205267	0.14281444735174373	-0.868863299988379	0.38492190522862585	0.9382471439947755	ENSG00000100106
19982.60777265418	0.10893728889265768	0.12645646730938917	0.8614607952484632	0.3889843047336488	0.9427924674052844	ENSG00000100320
784.3488821527608	0.25058955187279985	0.2939544111635397	0.8524776031797187	0.3939490646120136	0.9494615096547968	ENSG00000128322
29387.91608205202	-0.1024994393815979	0.12101446034030801	-0.84700158223535	0.3969942395321475	0.9514554679290016	ENSG00000100412
15338.697099136209	-0.14942420661488248	0.1792937603442384	-0.8334043880165862	0.4046167007953611	0.9531485020615457	ENSG00000099968
736.2225314625666	0.33096261170042557	0.39750806949254436	0.832593441745547	0.40507405897396326	0.9531485020615457	ENSG00000100410
457.5011272191273	0.38304327721738235	0.46146673032631835	0.8300561059873587	0.4065070626886766	0.9531485020615457	ENSG00000128228
3949.569920247337	-0.16958475723785468	0.204340337372629	-0.8299132683166953	0.40658782255772224	0.9531485020615457	ENSG00000186732
665.9364346451077	0.28679747305542386	0.34919088774983076	0.8213200375975815	0.41146399709734466	0.9532998151256624	ENSG00000169548
3476.937935326693	-0.14676858262351034	0.17952745896062566	-0.8175272098943924	0.4136272060588833	0.9532998151256624	ENSG00000184436
2309.6064526500895	0.16918988745501518	0.20837385690023089	0.8119535241698917	0.41681830012173665	0.9532998151256624	ENSG00000100197
12193.29409374806	-0.11053516315645816	0.13616476060717933	-0.8117751073300102	0.41692068811198074	0.9532998151256624	ENSG00000100242
721.8909550906438	-0.31484150732672367	0.3885454010664198	-0.8103081556559285	0.41776308914597793	0.9532998151256624	ENSG00000283809
2643.0692144569794	0.1731852803202589	0.21807095548179903	0.7941694020536979	0.4270968188223522	0.9611240092596679	ENSG00000184113
2373.5670220848724	-0.18486370675522987	0.23405215338784047	-0.7898398031352355	0.4296213304271093	0.9611240092596679	ENSG00000185386
2461.681048534164	0.16727039425384282	0.21208954013841422	0.7886781882061631	0.4303001193680693	0.9611240092596679	ENSG00000254413
2509.4236303066073	-0.19689632172846172	0.25030059824604123	-0.786639437173522	0.43149296621740435	0.9611240092596679	ENSG00000100084
7482.938243775506	-0.12948190848439461	0.1649236831712806	-0.7851019695571672	0.43239378505155224	0.9611240092596679	ENSG00000100335
355.75173205616375	-0.3250491009537463	0.41561228262575167	-0.7820969556052432	0.4341575957784175	NA	ENSG00000100079
383.72992962606145	0.30876118385231544	0.39810656729079497	0.7755742035443046	0.43800043664482	NA	ENSG00000128310
561.0353135952331	0.29119045344375777	0.3759855695885871	0.7744724186153892	0.4386514725972433	0.9636424513297203	ENSG00000189060
3430.169897935912	-0.1820634133306291	0.23793986439024553	-0.765165659807331	0.44417290538892235	0.9636424513297203	ENSG00000100427
494.63333071675436	0.2797732036723535	0.36592751331096324	0.7645590820458579	0.4445341424246071	0.9636424513297203	ENSG00000184076
3542.093510792474	-0.1222087606591578	0.16046663499421224	-0.7615836193210237	0.44630855445009865	0.9636424513297203	ENSG00000184058
7603.748281646031	-0.13252594318892444	0.17551759214690396	-0.7550578923051966	0.4502142468396434	0.9636424513297203	ENSG00000100003
2427.7362956473926	0.15416711047535944	0.20472660458413472	0.7530389652508632	0.4514264994213597	0.9636424513297203	ENSG00000100344
2595.2190341159326	-0.19988939361556202	0.2656872023341936	-0.7523485958654943	0.4518414508485907	0.9636424513297203	ENSG00000100228
13705.57674850604	0.11662355776266232	0.15535871407738494	0.750672779800247	0.4528496086326738	0.9636424513297203	ENSG00000133454
4714.7496454013135	-0.12610269392186055	0.16831884741376799	-0.7491893858557026	0.45374306566108036	0.9636424513297203	ENSG00000100092
5101.146316447448	0.1115654603759859	0.14982498796849433	0.7446385405313447	0.45649026242419816	0.9647010964531085	ENSG00000177663
3022.8465253813033	-0.13183229723670048	0.1796262332206773	-0.7339256347637138	0.4629940625287181	0.9694182051394503	ENSG00000100307
917.4198891450052	0.20380856900092348	0.27785033968984485	0.733519236393334	0.46324179965871165	0.9694182051394503	ENSG00000250479
3297.4794719735837	-0.13050655908164008	0.17933147967903085	-0.7277392642676117	0.4667732099526067	0.9700052006489204	ENSG00000100258
4950.1412645368455	-0.12072179105268538	0.16711811855814532	-0.7223740435462281	0.4700645408762036	0.9700052006489204	ENSG00000184571
376.8248127231058	0.3036616115082334	0.4211305181477819	0.7210629446752024	0.47087078833649865	NA	ENSG00000189269
10455.676898025402	-0.10163414680438505	0.14176326110941423	-0.7169286739668246	0.4734181081654138	0.9700052006489204	ENSG00000128191
3488.7415875940633	0.1310818137895778	0.18333400357522228	0.7149890976760058	0.47461578001897725	0.9700052006489204	ENSG00000205593
3888.603836635564	-0.1890805441744539	0.26743244549120193	-0.7070217072096974	0.4795529881609566	0.9700052006489204	ENSG00000169184
24567.964594941004	-0.08928675722321315	0.12707876392752784	-0.7026095821496405	0.4822990893028255	0.9700052006489204	ENSG00000100385
858.8812470385909	0.19968408613988123	0.2853819748897026	0.6997081235318285	0.4841096022163613	0.9700052006489204	ENSG00000128408
4405.525258490515	0.13568640683136984	0.19426043890050712	0.6984767850795566	0.48487907109937856	0.9700052006489204	ENSG00000185651
9322.759378952349	-0.09869537613820457	0.1416263461651652	-0.6968715836466305	0.4858831626576173	0.9700052006489204	ENSG00000100336
1381.3466883917017	0.17047463479886354	0.24572739847350317	0.6937550955159193	0.48783580770293355	0.9700052006489204	ENSG00000128283
15093.101473881681	0.10333190175234712	0.15017079022583044	0.6880958780129885	0.49139240605188145	0.9700052006489204	ENSG00000099949
2621.3079915353646	-0.16850779760415155	0.24499748014448702	-0.687794003043518	0.4915825131234545	0.9700052006489204	ENSG00000099977
2869.5427883325883	-0.14532351641624214	0.214522302096078	-0.6774284771154291	0.49813413536446627	0.9700052006489204	ENSG00000244486
5923.896656625197	0.10277405104961869	0.15381920727590295	0.6681483598161743	0.5040388949904562	0.9700052006489204	ENSG00000128271
4288.161783560087	-0.14343888276367714	0.2146843258338138	-0.6681385900278186	0.5040451307201175	0.9700052006489204	ENSG00000185838
1171.9913277335006	-0.1645768694458058	0.2470235994456375	-0.6662394597728475	0.5052580547369782	0.9700052006489204	ENSG00000286025
4498.484625089747	0.12267401960638658	0.18576997011118093	0.6603544132184969	0.5090264191987461	0.9700052006489204	ENSG00000025770
10231.54861527317	0.09938849098644917	0.15187633389071192	0.6544040696819013	0.5128515131569222	0.9700052006489204	ENSG00000184470
4526.693237981202	-0.11191689007787986	0.1729590959757245	-0.6470714329681039	0.5175857129394253	0.9700052006489204	ENSG00000100012
13962.883473594758	0.1063531273651679	0.16444196010511353	0.646751761516255	0.5177926169757103	0.9700052006489204	ENSG00000251322
2210.604328924979	0.13878878842621484	0.2159819287724366	0.6425944485959555	0.5204872861818173	0.9700052006489204	ENSG00000100422
3352.8003660632803	-0.11656837337460235	0.18246760226753447	-0.638844221801575	0.5229242769472595	0.9700052006489204	ENSG00000128253
10397.492390007883	-0.09510772981313419	0.14924463910501123	-0.6372606103875843	0.5239551036315231	0.9700052006489204	ENSG00000100139
3493.098294369104	0.11158641805171993	0.17515451925473408	0.63707415901405	0.5240765397052071	0.9700052006489204	ENSG00000128335
523.8529508389571	0.23423957241100501	0.36796964650193453	0.6365730832360205	0.5244029626189759	0.9700052006489204	ENSG00000285404
7402.495437741515	0.09204540083113455	0.14512515134856604	0.6342484398865988	0.5259186995204523	0.9700052006489204	ENSG00000093000
4529.876118535993	-0.10097038346469205	0.16013406585712733	-0.6305365627497305	0.5283435888364718	0.9700052006489204	ENSG00000186998
3554.432887774728	-0.10196371948324155	0.16266721436559536	-0.6268240338466582	0.5307745874639758	0.9700052006489204	ENSG00000183628
575.1368745613972	-0.2660074389025291	0.4249798309351354	-0.6259295607445656	0.5313611442663652	0.9700052006489204	ENSG00000206069
1325.8747430080457	-0.15246706291495513	0.24501451254315784	-0.6222776819724055	0.5337592937951525	0.9700052006489204	ENSG00000100220
320.06127083451656	-0.28350736611880323	0.45792542627742805	-0.6191125232409437	0.5358422338675384	NA	ENSG00000217442
21734.442102732308	0.07426259726675614	0.12013743696760297	0.6181470084698267	0.5364784374628058	0.9700052006489204	ENSG00000239900
3228.3430135618887	0.10405388479877335	0.16870661669543882	0.6167741777823618	0.5373836863226402	0.9700052006489204	ENSG00000100060
2902.9175573033217	-0.12430238182387338	0.2036194326468948	-0.6104642381527084	0.5415543261336546	0.9700052006489204	ENSG00000183864
12108.19567153079	0.08641317277774628	0.14207271140815533	0.6082320237381346	0.5430335980943084	0.9700052006489204	ENSG00000133460
2527.82880482745	0.12405094608208052	0.20430231457513204	0.6071930528053849	0.54372280213598	0.9700052006489204	ENSG00000100162
3015.361125441568	-0.11103072048683156	0.18432319574081035	-0.6023697670854165	0.5469280298456818	0.9700052006489204	ENSG00000100368
3053.6682734178858	-0.13366302253267962	0.2226486508430262	-0.6003316077891527	0.5482852577405977	0.9700052006489204	ENSG00000133488
1605.2644493876533	0.14221208971887198	0.23757678037626961	0.5985942291735714	0.5494435052626752	0.9700052006489204	ENSG00000284194
5053.31109134491	-0.10699547367911885	0.18128453573866424	-0.5902073954800047	0.5550516146096637	0.9730497980246239	ENSG00000100376
1772.3067905417195	-0.18046782509436587	0.3071169317798731	-0.5876192629578518	0.5567878784598251	0.9730497980246239	ENSG00000183246
635.5956870439455	-0.21721680933403187	0.3732746475025767	-0.581922214078395	0.5606190768484702	0.9730497980246239	ENSG00000244752
5969.279940301951	-0.10768125613220912	0.18701536878403777	-0.5757882725486462	0.5647583013096504	0.9730497980246239	ENSG00000070413
3801.859912382811	-0.1375628722933697	0.2390766606429705	-0.57539231108302	0.5650260030491543	0.9730497980246239	ENSG00000130943
2052.986631764153	0.14186312840722617	0.24843660180837726	0.5710234618192341	0.5679837390789788	0.9730497980246239	ENSG00000100156
6114.804607854575	-0.10553641018364933	0.1885067066430231	-0.5598549360023811	0.575578388647774	0.9730497980246239	ENSG00000073146
19758.32564210775	0.07937582351749974	0.14366572007432743	0.5525035720172743	0.5806033877890415	0.9730497980246239	ENSG00000100350
440.8325170211081	-0.23485693773874577	0.4278831001112416	-0.5488810791491586	0.5830870636731231	0.9730497980246239	ENSG00000128250
2337.448885588357	-0.1090294353554338	0.1990698213863137	-0.5476944450753886	0.5839017270066158	0.9730497980246239	ENSG00000248405
14554.48605173556	-0.0765861474960039	0.14163922109277077	-0.5407128541454034	0.5887055171978675	0.9730497980246239	ENSG00000183963
9378.070578280709	-0.07124402100705113	0.13214231479961594	-0.539146155530024	0.5897860100184777	0.9730497980246239	ENSG00000100031
6622.281647230394	0.07890921288722941	0.14751301503440722	0.5349305135470517	0.5926979074966274	0.9730497980246239	ENSG00000100065
10283.126457369603	-0.09246087610776406	0.1737339953421079	-0.5321979496626146	0.5945889028840782	0.9730497980246239	ENSG00000070371
7420.255704408287	-0.07408875973721671	0.1409727678893256	-0.525553699813726	0.5991983333199753	0.9730497980246239	ENSG00000213923
13273.29309326622	-0.0670658557097866	0.12949074285667725	-0.5179200785342342	0.6045140324006126	0.9730497980246239	ENSG00000100393
1792.697507088702	-0.11734912751737533	0.2279181225205212	-0.514874053101282	0.6066410333937154	0.9730497980246239	ENSG00000100121
6637.876159970947	-0.07274173901826522	0.14163299123760634	-0.5135931846290829	0.6075364455395642	0.9730497980246239	ENSG00000100266
2994.552386666424	0.09369373264831113	0.18475807220596807	0.5071157732359399	0.6120735882799742	0.9730497980246239	ENSG00000100365
870.4508385443971	-0.16674115027457126	0.33453133757396347	-0.4984320795886738	0.6181795306905721	0.9730497980246239	ENSG00000100191
4808.626548577971	-0.11214055674298681	0.22604822968338784	-0.496091285032647	0.6198300076471726	0.9730497980246239	ENSG00000133477
8670.534860197553	0.06411802963501802	0.12978713877112968	0.49402452540452074	0.6212888589278208	0.9730497980246239	ENSG00000100038
2726.5188216597703	-0.12399129374687236	0.2521510548698245	-0.49173418612459946	0.6229072676819406	0.9730497980246239	ENSG00000100347
6535.2015596271585	-0.09208793859046933	0.1913915621614601	-0.48114941719731036	0.6304103082292948	0.9730497980246239	ENSG00000025708
20354.357823575156	0.07422927249349826	0.15475989556744366	0.4796415261287733	0.6314823132017706	0.9730497980246239	ENSG00000100354
3932.3454498131105	0.08702806649648635	0.18281820054728606	0.47603611804491247	0.6340486466930954	0.9730497980246239	ENSG00000239282
806.5217338808246	-0.17880247201039748	0.3758182352948524	-0.4757684838526156	0.6342393250930456	0.9730497980246239	ENSG00000099974
13047.41890773356	-0.07039241420168355	0.14881286027760599	-0.47302641767901366	0.6361943318469416	0.9730497980246239	ENSG00000196588
1418.0572540679802	0.11748036498639965	0.2493822656852057	0.47108548261685407	0.6375796917491736	0.9730497980246239	ENSG00000100312
1915.8020475187755	0.12341815460934413	0.26503944631611137	0.46565957001790537	0.6414591960360083	0.9730497980246239	ENSG00000235568
2893.213287052009	-0.09974570108815778	0.21814279832003292	-0.4572495716398708	0.6474916714839447	0.9730497980246239	ENSG00000040608
2938.7570652632585	-0.11051053662483491	0.2421004094651401	-0.456465715481358	0.648055119290828	0.9730497980246239	ENSG00000073150
9427.69729702579	0.07427285988258384	0.16353749472565238	0.4541641047344077	0.6497107165763021	0.9730497980246239	ENSG00000128284
1905.205675641771	0.0932571580628375	0.20835294462809137	0.4475922249589557	0.6544475154308516	0.9730497980246239	ENSG00000100298
1303.731665675085	-0.11409040449757832	0.2575362547664078	-0.4430071587437712	0.6577605567153985	0.9730497980246239	ENSG00000128383
4655.353281250873	0.07687248289363734	0.17425291040889399	0.4411546568332882	0.6591010368742531	0.9730497980246239	ENSG00000099998
7919.197241824408	0.078748710477845	0.17880451587796733	0.44041790606446635	0.6596344584291571	0.9730497980246239	ENSG00000100325
7339.4892712046485	0.07473950867831636	0.1697650288848027	0.440252678477334	0.659754110114648	0.9730497980246239	ENSG00000183530
1139.6394089779178	-0.1397604917241171	0.3182839076025402	-0.43910637134267	0.6605844627131543	0.9730497980246239	ENSG00000172346
18023.37788508696	0.051783143720886805	0.11807793286012175	0.4385505611978361	0.6609872264766911	0.9730497980246239	ENSG00000100243
8731.563742316366	0.06450592551808032	0.1474857429356262	0.43737058399085754	0.6618426137093045	0.9730497980246239	ENSG00000183773
6503.171166845189	0.061866215968879645	0.1421855341268719	0.4351090731471777	0.6634832579356156	0.9730497980246239	ENSG00000100401
2875.948956277025	0.0871202186616736	0.20298057261421065	0.4292047142228543	0.667774252565652	0.9730497980246239	ENSG00000100211
8837.484398383385	0.05707280243276435	0.13600988891630994	0.4196224472169268	0.6747612874363478	0.9730497980246239	ENSG00000241973
1316.395545572725	-0.12616739904203786	0.3018526225901137	-0.4179768191491277	0.6759640657034895	0.9730497980246239	ENSG00000185264
3793.3574113303725	-0.06940409490032767	0.16633975424587558	-0.41724298087959066	0.6765006900332969	0.9730497980246239	ENSG00000100219
8135.056397693323	0.060649123064632146	0.14823525732610793	0.40914101111052154	0.6824361811859874	0.9730497980246239	ENSG00000100364
1583.6588229044585	0.11382536409711065	0.27935591549607436	0.4074564302494972	0.6836727882763299	0.9730497980246239	ENSG00000198062
10078.320274747792	0.056064235404679995	0.13837785709333164	0.4051532274189387	0.6853648831730254	0.9730497980246239	ENSG00000100083
4442.513075198594	0.06630744584191865	0.16563533783691134	0.40032185587840324	0.6889194722236146	0.9730497980246239	ENSG00000100360
7952.797940279916	0.0614411607851217	0.15437788959685858	0.39799197246165724	0.6906361030822454	0.9730497980246239	ENSG00000159496
1849.8306684186853	-0.086648210764016	0.2179567499691126	-0.397547728052906	0.6909635981827545	0.9730497980246239	ENSG00000242114
17395.361625961556	0.054750827774561056	0.13839331614132308	0.3956175724458482	0.6923871716581051	0.9730497980246239	ENSG00000100345
7413.026361027469	0.05783093132513144	0.14635357614499028	0.3951453244151629	0.6927356408174772	0.9730497980246239	ENSG00000100395
3758.5822845669154	0.09600703778876286	0.24425033276528849	0.3930681964761968	0.6942691130039953	0.9730497980246239	ENSG00000100170
2180.6950146110803	-0.07873484432513686	0.20518254839613734	-0.3837307068295438	0.7011780510144152	0.9730497980246239	ENSG00000198951
5787.61942953037	-0.05614036021383819	0.14799605291437945	-0.3793368749254227	0.7044377200281955	0.9730497980246239	ENSG00000015475
18926.704364603258	-0.04993497365073092	0.13295614081735938	-0.37557478235868874	0.7072330412482132	0.9730497980246239	ENSG00000243156
5862.588945210208	0.05701568411822366	0.15221857995752866	0.37456455141108214	0.7079843406386259	0.9730497980246239	ENSG00000206140
4986.454723601519	0.06237686861008171	0.1670507410133058	0.37340072981246647	0.7088502164053418	0.9730497980246239	ENSG00000100151
7384.773122557512	0.06804064878009718	0.18334521952739516	0.3711067512721849	0.7105580227349	0.9730497980246239	ENSG00000167037
7074.185893013872	-0.052742776862236475	0.14294720787672116	-0.36896682100795053	0.7121524556164051	0.9730497980246239	ENSG00000185686
2706.42747737724	0.09046808345946766	0.247874832949748	0.36497486405894375	0.7151301694829537	0.9730497980246239	ENSG00000100077
1950.2052765519666	-0.0907256371117109	0.2489955943236105	-0.3643664353104903	0.7155843960429671	0.9730497980246239	ENSG00000179750
11460.520572719408	0.055728944954379224	0.1538927392144942	0.3621284879249876	0.7172560160277959	0.9730497980246239	ENSG00000100207
3313.762310818143	-0.07599072042683819	0.21003915054672428	-0.3617931239439747	0.7175066308739777	0.9730497980246239	ENSG00000239713
2534.7182867470215	-0.07489217628756444	0.20830206229022555	-0.3595364129579177	0.7191938427052667	0.9730497980246239	ENSG00000198832
4125.971033003948	-0.05804126470844712	0.16236854416849134	-0.3574661890681065	0.7207428335656346	0.9730497980246239	ENSG00000100221
579.5153322239598	0.12721003610440584	0.3593728864961805	0.3539778344011433	0.7233554947495784	0.9730497980246239	ENSG00000240972
2951.0631383056198	0.08089879357622114	0.22996507477948294	0.3517873035885829	0.7249977809786714	0.9730497980246239	ENSG00000182902
1542.4584475372535	-0.07587834664114278	0.21777978461554184	-0.34841776878003083	0.7275264599867233	0.9730497980246239	ENSG00000100348
12811.895813272784	-0.050864110103510884	0.14957305139824123	-0.3400619939756673	0.7338098423486967	0.9730497980246239	ENSG00000075275
1905.4484363949912	-0.07461348122414427	0.2195161776966824	-0.3398996921641093	0.7339320684716242	0.9730497980246239	ENSG00000100271
797.6048293327934	0.13032919948010693	0.38374415253047833	0.3396252389012122	0.7341387688633587	0.9730497980246239	ENSG00000234965
7427.686686792595	-0.050027646793210444	0.14735590466119405	-0.33950215234493514	0.7342314759310749	0.9730497980246239	ENSG00000128242
7018.671774855222	0.05504443949036368	0.16303715720058634	0.33761898474862345	0.735650333668874	0.9730497980246239	ENSG00000054611
1225.9841589268012	0.08706116959263514	0.2582693795200462	0.3370944312269031	0.7360457152508572	0.9730497980246239	ENSG00000276950
3722.296669135105	-0.06362998483643362	0.18913363220814555	-0.3364287149437678	0.7365475987558069	0.9730497980246239	ENSG00000099910
2141.3232354517377	-0.10176059419964989	0.30506362602817133	-0.33357170608813497	0.7387027717536754	0.9730497980246239	ENSG00000100341
9506.258349876733	0.046154829237317875	0.13867107556838115	0.3328367436982784	0.7392575205695247	0.9730497980246239	ENSG00000185133
8738.572562569754	-0.05203725257594374	0.15652368521864457	-0.33245609125068853	0.7395448899908059	0.9730497980246239	ENSG00000196576
2420.3217615472286	-0.07795817487330936	0.2349946450264986	-0.3317444738560685	0.7400822153153637	0.9730497980246239	ENSG00000100263
1103.1578997286908	-0.08589045052415312	0.2613314689489338	-0.32866478296548657	0.7424090759191464	0.9730497980246239	ENSG00000284130
7869.237164326447	0.04881245536983393	0.1494336916671002	0.326649598395625	0.7439329253719903	0.9730497980246239	ENSG00000186654
6430.9326802428	-0.05098297052857641	0.15627472524591424	-0.32623938674887765	0.744243243774678	0.9730497980246239	ENSG00000186951
7848.796567342117	0.05835087870993605	0.18099578756921894	0.32238804832748214	0.7471587373569742	0.9730497980246239	ENSG00000100239
4018.768598069347	0.06343630299552558	0.19785629566054266	0.32061806668189996	0.7484998446343261	0.9730497980246239	ENSG00000183066
293.903434766954	0.18307131668187163	0.5752862904423179	0.318226454764139	0.7503131670006726	NA	ENSG00000251357
4025.422890128469	-0.05248378695776084	0.16739148392239084	-0.3135391701413816	0.7538710663160616	0.977071563291814	ENSG00000178026
4910.957952363264	-0.047802932633444664	0.1550540288394346	-0.3082985523900624	0.7578551674616737	0.9775276407340645	ENSG00000241484
13193.442336372404	0.04738059824829381	0.1549431787772153	0.3057933793679288	0.7597619696667874	0.9775276407340645	ENSG00000099991
6836.223365074822	-0.04762430870743019	0.15823738999440626	-0.30096748125783496	0.7634392916959708	0.9775276407340645	ENSG00000186976
4094.5424723257547	-0.050450599212589875	0.16863427848142576	-0.29917167296533226	0.7648090617368016	0.9775276407340645	ENSG00000183569
1615.363890637052	-0.06239430849888367	0.2092967134118937	-0.2981141341483578	0.7656160542812254	0.9775276407340645	ENSG00000100253
830.9948194507216	-0.08670600113553394	0.3078764241216612	-0.28162598478560663	0.7782303133781804	0.9789482739521806	ENSG00000183172
488.1315107029787	-0.10394786613040145	0.3713316368570253	-0.2799326957708824	0.7795291420264768	0.9789482739521806	ENSG00000100053
11934.920039953755	0.04209765546410671	0.15125638057169513	0.2783198652843113	0.7807668280284303	0.9789482739521806	ENSG00000197077
992.2931733398311	-0.07282060711949999	0.26558983632268035	-0.2741844647662874	0.7839428661428685	0.9789482739521806	ENSG00000100362
2084.8425095912175	-0.05218265925325943	0.19082664138383593	-0.2734558386336489	0.7845028347032665	0.9789482739521806	ENSG00000242247
11001.17039656225	0.04546356339400566	0.16767394536633737	0.2711426828698756	0.7862812945248441	0.9789482739521806	ENSG00000133422
819.3593090013508	0.10588296821295258	0.3914006391417049	0.2705232378903145	0.786757741896462	0.9789482739521806	ENSG00000177096
4560.5745071880865	0.05192331801926829	0.19256258218857206	0.2696438603446904	0.7874342540267548	0.9789482739521806	ENSG00000100281
12309.067378236938	-0.10818109526840337	0.4030163523920774	-0.2684285504206008	0.7883694655718791	0.9789482739521806	ENSG00000100346
304.82479342678783	0.11848451150675597	0.4458778127728165	0.26573314058828523	0.7904447382192465	NA	ENSG00000128218
1097.2507438300074	-0.07171019421041779	0.27062407482603446	-0.2649808382957626	0.7910242231667235	0.9789482739521806	ENSG00000100218
5782.184325800683	0.043613876359097956	0.16524472204378618	0.26393506442851017	0.7918299558540949	0.9789482739521806	ENSG00000214491
20.105543011321775	-0.5444253557688219	2.0988976914350705	-0.259386323588066	0.7953371809055151	NA	ENSG00000285025
1135.5378221428318	0.0803604111125161	0.31419996676698686	0.25576199749286416	0.7981346196893429	0.9825117393731512	ENSG00000241360
2928.4749839180054	-0.047825014083274636	0.18809306794025832	-0.2542625021059506	0.7992927669958736	0.9825117393731512	ENSG00000177989
5032.543908943443	0.04380557701568837	0.17785488454113996	0.24629954430942616	0.8054503626708667	0.9842009829721341	ENSG00000070010
9531.301084978757	0.04551674434914463	0.18886281335966454	0.24100426939242897	0.8095518075466099	0.9842009829721341	ENSG00000100154
5819.396092341664	0.03726809717304278	0.15672787351596226	0.2377885715985749	0.8120450830156405	0.9842009829721341	ENSG00000184702
3108.2736408872183	0.0434851781058557	0.18323931535271207	0.23731358099735494	0.8124135268925241	0.9842009829721341	ENSG00000100379
6015.630166936233	0.037696213399323386	0.15926754275840202	0.23668484329230824	0.8129012942107136	0.9842009829721341	ENSG00000100167
5820.63981558189	0.041605476909199815	0.1772616042840478	0.23471228908957806	0.8144320488464047	0.9842009829721341	ENSG00000056487
296.920684315733	-0.121151468293686	0.521298619147771	-0.23240320201067627	0.8162248621598513	NA	ENSG00000249222
9331.1688454808591	-0.033429600166653264	0.14889417028513868	-0.22451920113886364	0.8223533279040851	0.9909819597495856	ENSG00000184949
5690.7195821390715	0.05489129497135416	0.2528133326185805	0.21712183611047386	0.8281133970971812	0.9913674771306732	ENSG00000100426
8469.486927382235	0.0370035425071796	0.17329462998233214	0.21352965473282243	0.8309138613005662	0.9913674771306732	ENSG00000100280
368.5021579997531	-0.10366456433746596	0.4897588918781356	-0.21166448645767585	0.8323687960134228	NA	ENSG00000100249
16676.564393394045	-0.02712859761292591	0.12921537713381065	-0.2099486780496143	0.8337077291995104	0.9913674771306732	ENSG00000186575
757.7085318367087	-0.06381511009803041	0.3127474630304256	-0.20404677141001193	0.8383169493923295	0.9913674771306732	ENSG00000099984
5776.7465770833505	0.03481486950018929	0.1707568634932339	0.2038856230313038	0.8384428802602351	0.9913674771306732	ENSG00000100146
1475.6209434717107	-0.04868662571702929	0.2501523204503194	-0.19462791961867298	0.8456842443145316	0.9913674771306732	ENSG00000176635
976.6243175307283	-0.07366637378385002	0.3850948881645887	-0.19129408373856466	0.8482951959976122	0.9913674771306732	ENSG00000285304
4850.124472450656	0.03833234497653757	0.20376298922511696	0.18812221553241973	0.850780846522676	0.9913674771306732	ENSG00000159873
6451.941854667075	0.037091358015661643	0.19840193258936734	0.1869505882910408	0.8516993746316041	0.9913674771306732	ENSG00000138964
1212.4166165050945	0.06210429204932791	0.33588383560769647	0.18489812686867163	0.8533089402031698	0.9913674771306732	ENSG00000172967
5377.28196211879	-0.029058893079346476	0.15734401772344456	-0.1846838125769852	0.8534770434549601	0.9913674771306732	ENSG00000128294
2878.081984958395	0.03754319521770991	0.2095903206182077	0.17912656990538725	0.8578383196365141	0.9913674771306732	ENSG00000100206
2457.063647397935	0.03873763876407819	0.21862413372382017	0.17718830078025155	0.8593604848916883	0.9913674771306732	ENSG00000278195
4062.1687029409304	-0.03612304467581427	0.2050737569988072	-0.1761465982018576	0.8601787731412548	0.9913674771306732	ENSG00000008735
15191.38194739378	-0.02120411055291893	0.12097857634915354	-0.17527161579189215	0.8608662138297631	0.9913674771306732	ENSG00000099917
12131.41504590917	-0.02338628925704105	0.13741195421873945	-0.17019108264637256	0.8648598644317368	0.9913674771306732	ENSG00000183765
12549.323525104915	0.0252762118904515	0.14868133863165842	0.1700025848776525	0.865008103804283	0.9913674771306732	ENSG00000100095
5458.330055950551	-0.026285304607068023	0.1618452405395812	-0.16241011795857932	0.8709829036406086	0.9913674771306732	ENSG00000205560
1018.2247247037267	-0.04785536013837149	0.2983094641027257	-0.16042186352455798	0.872548768051699	0.9913674771306732	ENSG00000099937
2488.2547563523144	-0.02947061057919503	0.18511396935406352	-0.15920252092281176	0.8735093177856159	0.9913674771306732	ENSG00000100304
981.3865924770832	-0.045476600787929755	0.30518146692505277	-0.1490149491911906	0.8815418369205634	0.9913674771306732	ENSG00000100302
4227.423836980398	0.022975915418898596	0.15725935705909172	0.14610205617377142	0.8838408232444667	0.9913674771306732	ENSG00000180957
5435.624053091579	-0.02296890703978187	0.15754940351130658	-0.14578860045086428	0.8840882752730391	0.9913674771306732	ENSG00000099953
1652.9380589151228	-0.037659503616871925	0.2606619991738188	-0.14447638603339036	0.8851243020209437	0.9913674771306732	ENSG00000100104
754.6907672171801	-0.04855759500847492	0.3372880505776727	-0.14396476520680293	0.8855282930316828	0.9913674771306732	ENSG00000234409
11569.855470735682	0.02144219129031136	0.15345856633745988	0.1397262583775177	0.8888762787389592	0.9913674771306732	ENSG00000079974
875.1426010519889	0.047995788372857694	0.34488982940826063	0.13916266668462135	0.8893216090575917	0.9913674771306732	ENSG00000198355
2380.833228783853	0.02883493865465439	0.2074499742974899	0.13899707026863337	0.8894524641623438	0.9913674771306732	ENSG00000219438
332.4549338586827	-0.07229657379734084	0.5261236433644473	-0.13741365686404022	0.8907038368301448	NA	ENSG00000100290
4762.691462015723	-0.02322451299446588	0.1744894198167062	-0.13309983504365053	0.8941144256027151	0.9913674771306732	ENSG00000100297
5173.473033288248	0.020369428688859915	0.15767297117877363	0.12918782805053214	0.8972090273081252	0.9913674771306732	ENSG00000182541
4571.339054975944	0.021072592440136304	0.16744746004947542	0.12584599631376922	0.8998538313835109	0.9913674771306732	ENSG00000099901
8699.743205924271	0.022139068427239044	0.17672412914083097	0.12527473489257646	0.9003060532283587	0.9913674771306732	ENSG00000128159
2034.2353150891747	0.03022686115083345	0.2434172536742216	0.12417715135052705	0.9011750127813493	0.9913674771306732	ENSG00000182858
3902.395368694337	-0.024704330468902802	0.2037166176725599	-0.1212681162251125	0.9034786731714035	0.9913674771306732	ENSG00000183741
1491.105585447464	-0.031331530854047517	0.26457188622918665	-0.11842350788135679	0.9057321002400814	0.9913674771306732	ENSG00000161180
5834.808421358397	-0.01843650128872117	0.16166429830927104	-0.1140418848288403	0.9092045907199099	0.9913674771306732	ENSG00000093009
12387.572373976553	0.013467214600087504	0.12302095214859489	0.10947090202830399	0.912828999857597	0.9913674771306732	ENSG00000183597
20198.258470508998	0.013063514007980018	0.12431826370623038	0.10508121348002161	0.916311366235237	0.9913674771306732	ENSG00000184381
1719.297855065865	-0.02653919418163024	0.2535281526790095	-0.10467947603133193	0.9166301482276792	0.9913674771306732	ENSG00000128311
4984.908013366002	-0.04841526279637498	0.465023577902532	-0.10411356562768248	0.917079225551179	0.9913674771306732	ENSG00000075240
229.33680996474735	0.04939602645557667	0.5280872038036478	0.09353763185283123	0.9254764548345574	NA	ENSG00000286175
2199.5777917741075	-0.02098852167708971	0.22846767112457564	-0.09186648410157507	0.9268041206345862	0.9913674771306732	ENSG00000184459
2331.5122100616295	-0.02033257637500231	0.24644360466833434	-0.08250397247015617	0.934245959531969	0.9913674771306732	ENSG00000099942
2617.873180463102	0.021080462343881202	0.26144804500579444	0.08062964228098932	0.9357364918149627	0.9913674771306732	ENSG00000167074
1383.8916138683653	0.019278270184800272	0.2400770035584245	0.08030036154674333	0.9359983706714723	0.9913674771306732	ENSG00000100276
2934.4447828514253	-0.01628556343736184	0.20529851473889862	-0.07932626038758261	0.9367731193442156	0.9913674771306732	ENSG00000131100
15827.391304170693	0.010562586528197592	0.13962041798398167	0.07565216234640848	0.939695835782468	0.9913674771306732	ENSG00000198089
35975.23863971886	-0.009240351924921276	0.12434979124378724	-0.07430934810984607	0.9407642388827337	0.9913674771306732	ENSG00000133424
853.7821939343427	0.02097835757616305	0.3020431825958982	0.06945482892831875	0.9446275870729207	0.9913674771306732	ENSG00000184983
704.3959093306394	-0.02297627180716978	0.33114195200610536	-0.06938496215286596	0.944683198533583	0.9913674771306732	ENSG00000100373
8186.533692015582	0.010088706047494676	0.14926500205772136	0.06758922659977142	0.9461126317155726	0.9913674771306732	ENSG00000100284
4457.525021697018	-0.01266740955241726	0.1876719846550923	-0.06749760533357019	0.946185568346815	0.9913674771306732	ENSG00000170638
6952.847164417815	-0.010858490750960152	0.16717194965927837	-0.06495402352542633	0.9482106068171777	0.9913674771306732	ENSG00000187045
2151.318202247945	0.011888043068035124	0.19371346250361027	0.061369214686426685	0.951065169253563	0.9913674771306732	ENSG00000100209
10130.98246074743	-0.006978773368944701	0.1278571668797222	-0.05458257475319919	0.9564710213936999	0.9913674771306732	ENSG00000100429
1397.0687645549299	0.01280147681689962	0.24930237472179562	0.051349197259693946	0.9590472660395727	0.9913674771306732	ENSG00000185721
2476.306263124583	0.010530310258708299	0.2301180678669721	0.045760467034668996	0.9635011685181712	0.9913674771306732	ENSG00000100036
5092.001349575503	0.008022359525652837	0.18556212451486945	0.043232742385475274	0.9655160048308188	0.9913674771306732	ENSG00000099999
2729.024229707087	-0.007795850512990673	0.18907511116857842	-0.041231500353528454	0.9671113413671159	0.9913674771306732	ENSG00000100292
1186.6700916296054	-0.010905369067067482	0.30275259316925646	-0.036020728849614644	0.9712658304465484	0.9913674771306732	ENSG00000254709
2274.3837276482245	-0.007845676267867079	0.22246001831565929	-0.035267803748602	0.9718661962382626	0.9913674771306732	ENSG00000273899
3656.059645527129	-0.007458952617134771	0.22122108463068296	-0.03371718672108991	0.9731026737430464	0.9913674771306732	ENSG00000184979
13505.573579557811	-0.004224557317941447	0.1420771644898885	-0.029734245704503098	0.9762789998664128	0.9913674771306732	ENSG00000182944
1571.8903609579195	0.007442314300621158	0.2573775034968531	0.028915947196263614	0.9769316269167283	0.9913674771306732	ENSG00000188636
2229.4890583048727	-0.00605040506004958	0.21667552912292956	-0.027923804245641965	0.9777229228015382	0.9913674771306732	ENSG00000100311
5327.730869798248	0.004762105747080687	0.17379705588611824	0.027400382145719954	0.9781403934560494	0.9913674771306732	ENSG00000185666
5080.855701450774	-0.004152169633881072	0.15564466523482334	-0.026677237074695968	0.9787171688528905	0.9913674771306732	ENSG00000100100
7818.711144961306	-0.0048096442828420415	0.18217917743950768	-0.026400625749005133	0.9789377950494607	0.9913674771306732	ENSG00000198792
11787.697745762709	0.0034920176780891547	0.13800665862297656	0.02530325502357879	0.9798130776303157	0.9913674771306732	ENSG00000093010
1212.0754331691132	-0.004127594078322353	0.2721574633915681	-0.015166198372387656	0.987899588350863	0.9971925173836715	ENSG00000100387
1985.1347979044583	-0.0028424691040067136	0.23187185349642436	-0.012258793213340776	0.9902191431362333	0.9971925173836715	ENSG00000243811
2278.360821735654	0.0013100033160415275	0.2506955301286443	0.005225475361963174	0.9958306928600763	0.9972323839805873	ENSG00000128268
12855.042137231661	5.443528888886066e-4	0.1455192941967189	0.003740760920354164	0.9970153115769326	0.9972323839805873	ENSG00000184792
79457.43260332568	4.2938808804957154e-4	0.12378936840272783	0.0034686992396037583	0.9972323839805873	0.9972323839805873	ENSG00000100241
